{"cameraMode":{"drawMode":0,"name":"Shaded","section":"Shading Mode"},"sceneLighting":true,"audioPlay":false,"sceneViewState":{"m_AlwaysRefresh":false,"showFog":true,"showSkybox":true,"showFlares":true,"showImageEffects":true,"showParticleSystems":true,"showVisualEffectGraphs":true,"m_FxEnabled":true},"in2DMode":false,"pivot":{"x":12.449254035949707,"y":4.1624979972839359,"z":25.83165168762207},"rotation":{"x":0.1833406686782837,"y":0.5254735350608826,"z":-0.11712165921926499,"w":0.8225348591804504},"size":2.0116171836853029,"orthographic":false}