{"cameraMode":{"drawMode":0,"name":"Shaded","section":"Shading Mode"},"sceneLighting":false,"audioPlay":false,"sceneViewState":{"m_AlwaysRefresh":false,"showFog":true,"showSkybox":false,"showFlares":true,"showImageEffects":true,"showParticleSystems":true,"showVisualEffectGraphs":true,"m_FxEnabled":false},"in2DMode":false,"pivot":{"x":-0.7061992883682251,"y":2.3460962772369386,"z":2.4752652645111086},"rotation":{"x":0.08116871863603592,"y":0.1495223194360733,"z":0.012317309156060219,"w":-0.9853451251983643},"size":3.820279598236084,"orthographic":false}