{"cameraMode":{"drawMode":0,"name":"Shaded","section":"Shading Mode"},"sceneLighting":true,"audioPlay":false,"sceneViewState":{"m_AlwaysRefresh":false,"showFog":true,"showSkybox":true,"showFlares":true,"showImageEffects":true,"showParticleSystems":true,"showVisualEffectGraphs":true,"m_FxEnabled":true},"in2DMode":false,"pivot":{"x":35.898536682128909,"y":7.018934726715088,"z":31.651731491088868},"rotation":{"x":0.32464709877967837,"y":-0.03687334060668945,"z":0.012668359093368054,"w":0.9450359344482422},"size":3.615694999694824,"orthographic":false}