{"cameraMode":{"drawMode":0,"name":"Shaded","section":"Shading Mode"},"sceneLighting":true,"audioPlay":false,"sceneViewState":{"m_AlwaysRefresh":false,"showFog":true,"showSkybox":true,"showFlares":true,"showImageEffects":true,"showParticleSystems":true,"showVisualEffectGraphs":true,"m_FxEnabled":true},"in2DMode":false,"pivot":{"x":12.139198303222657,"y":-0.7837696075439453,"z":14.427149772644043},"rotation":{"x":0.21095716953277589,"y":-0.7691263556480408,"z":0.3155529499053955,"w":0.5142220854759216},"size":10.03233814239502,"orthographic":false}