{"cameraMode":{"drawMode":0,"name":"Shaded","section":"Shading Mode"},"sceneLighting":true,"audioPlay":false,"sceneViewState":{"m_AlwaysRefresh":false,"showFog":true,"showSkybox":true,"showFlares":true,"showImageEffects":true,"showParticleSystems":true,"showVisualEffectGraphs":true,"m_FxEnabled":true},"in2DMode":false,"pivot":{"x":54.30219268798828,"y":2.4471747875213625,"z":56.902313232421878},"rotation":{"x":0.009371988475322724,"y":0.9906263947486877,"z":-0.09120321273803711,"w":0.10175171494483948},"size":1.5200830698013306,"orthographic":false}